
[
   {
      "heading": 273.995431,
      "lat": 30.398979,
      "lng": -97.746781,
      "speed": 0.0,
      "timestamp": "2017-04-28T18:43:16.000Z",
      "trip_id": "2820171111"
      
   },
   {
      "heading": 273.995431,
      "lat": 30.398981,
      "lng": -97.746804,
      "speed": 8.256416399999999,
      "timestamp": "2017-04-28T18:43:17.000Z",
      "trip_id": "2820171111"
      
    	  
   },
   {
      "heading": 273.995431,
      "lat": 30.398984,
      "lng": -97.746846,
      "speed": 14.5477296,
      "timestamp": "2017-04-28T13:43:18.000Z",
      "trip_id": "2820171111" 
      
   },
   {
      "heading": 273.995431,
      "lat": 30.398987,
      "lng": -97.746895,
      "speed": 16.8379884,
      "timestamp": "2017-04-28T13:43:19.000Z",
      "trip_id": "2820171111" 
      
   },
   {
      "heading": 273.995431,
      "lat": 30.398991,
      "lng": -97.746949,
      "speed": 18.8005212,
      "timestamp": "2017-04-28T13:43:20.000Z",
      "trip_id": "2820171111"
      
   },
   {
      "heading": 273.995431,
      "lat": 30.398994,
      "lng": -97.746999,
      "speed": 17.4106152,
      "timestamp": "2017-04-28T13:43:21.000Z",
      "trip_id": "2820171111"
      
   },
   {
      "heading": 273.995431,
      "lat": 30.398998,
      "lng": -97.747053,
      "speed": 18.6083532,
      "timestamp": "2017-04-28T13:43:22.000Z",
      "trip_id": "2820171111"
      
   },
   {
      "heading": 272.17243,
      "lat": 30.399,
      "lng": -97.747106,
      "speed": 18.351255600000002,
      "timestamp": "2017-04-28T13:43:23.000Z",
      "trip_id": "2820171111"
      
   },
   {
      "heading": 252.63216,
      "lat": 30.398988,
      "lng": -97.747147,
      "speed": 15.573322800000001,
      "timestamp": "2017-04-28T13:43:24.000Z",
      "trip_id": "2820171111" 
      
   },
   {
      "heading": 200.567305,
      "lat": 30.398946,
      "lng": -97.747167,
      "speed": 18.714527999999998,
      "timestamp": "2017-04-28T13:43:25.000Z",
      "trip_id": "2820171111" 
      
   },
   {
      "heading": 184.424129,
      "lat": 30.398897,
      "lng": -97.747171,
      "speed": 19.288666799999998,
      "timestamp": "2017-04-28T13:43:26.000Z",
      "trip_id": "2820171111" 
      
   },
   {
      "heading": 184.424129,
      "lat": 30.398862,
      "lng": -97.747175,
      "speed": 14.1801192,
      "timestamp": "2017-04-28T13:43:27.000Z",
      "trip_id": "2820171111" 
      
   },
   {
      "heading": 215.423142,
      "lat": 30.39883,
      "lng": -97.747202,
      "speed": 17.7606468,
      "timestamp": "2017-04-28T13:43:28.000Z",
      "trip_id": "2820171111"
      
   },
   {
      "heading": 272.223032,
      "lat": 30.398833,
      "lng": -97.747249,
      "speed": 16.3493028,
      "timestamp": "2017-04-28T13:43:29.000Z",
      "trip_id": "2820171111" 
      
   },
   {
      "heading": 274.32978,
      "lat": 30.398837,
      "lng": -97.747305,
      "speed": 19.2106152,
      "timestamp": "2017-04-28T13:43:30.000Z",
      "trip_id": "2820171111"
      
   },
   {
      "heading": 274.34324,
      "lat": 30.398841,
      "lng": -97.747355,
      "speed": 17.395794,
      "timestamp": "2017-04-28T13:43:31.000Z",
      "trip_id": "2820171111" 
      
   },
   {
      "heading": 274.285436,
      "lat": 30.398844,
      "lng": -97.747407,
      "speed": 18.0763704,
      "timestamp": "2017-04-28T13:43:32.000Z",
      "trip_id": "2820171111" 
      
   },
   {
      "heading": 274.276372,
      "lat": 30.398848,
      "lng": -97.74745,
      "speed": 14.8483044,
      "timestamp": "2017-04-28T13:43:33.000Z",
      "trip_id": "2820171111" 
      
   },
   {
      "heading": 274.330247,
      "lat": 30.398852,
      "lng": -97.747506,
      "speed": 19.380661200000002,
      "timestamp": "2017-04-28T13:43:34.000Z",
      "trip_id": "2820171111" 
      
   },
   {
      "heading": 274.347809,
      "lat": 30.398856,
      "lng": -97.747555,
      "speed": 17.029328399999997,
      "timestamp": "2017-04-28T13:43:35.000Z",
      "trip_id": "2820171111" 
      
   },
   {
      "heading": 274.343077,
      "lat": 30.398859,
      "lng": -97.747605,
      "speed": 17.479083600000003,
      "timestamp": "2017-04-28T13:43:36.000Z",
      "trip_id": "2820171111" 
      
   },
   {
      "heading": 274.341676,
      "lat": 30.398862,
      "lng": -97.747645,
      "speed": 13.8968388,
      "timestamp": "2017-04-28T13:43:37.000Z",
      "trip_id": "2820171111" 
      
   },
   {
      "heading": 274.305898,
      "lat": 30.398866,
      "lng": -97.747695,
      "speed": 17.4079116,
      "timestamp": "2017-04-28T13:43:38.000Z",
      "trip_id": "2820171111" 
      
   },
   {
      "heading": 274.287649,
      "lat": 30.398869,
      "lng": -97.74774,
      "speed": 15.425287200000001,
      "timestamp": "2017-04-28T13:43:39.000Z",
      "trip_id": "2820171111" 
      
   },
   {
      "heading": 274.316779,
      "lat": 30.398874,
      "lng": -97.747797,
      "speed": 19.958889600000003,
      "timestamp": "2017-04-28T13:43:40.000Z",
      "trip_id": "2820171111"
      
   },
   {
      "heading": 288.088038,
      "lat": 30.398888,
      "lng": -97.747843,
      "speed": 16.8280632,
      "timestamp": "2017-04-28T13:43:41.000Z",
      "trip_id": "2820171111"
      
   },
   {
      "heading": 289.279294,
      "lat": 30.398902,
      "lng": -97.747889,
      "speed": 16.854084,
      "timestamp": "2017-04-28T13:43:42.000Z",
      "trip_id": "2820171111" 
      
   },
   {
      "heading": 289.292829,
      "lat": 30.398918,
      "lng": -97.74794,
      "speed": 18.8660268,
      "timestamp": "2017-04-28T13:43:43.000Z",
      "trip_id": "2820171111" 
      
   },
   {
      "heading": 289.233339,
      "lat": 30.398932,
      "lng": -97.747983,
      "speed": 15.860203199999997,
      "timestamp": "2017-04-28T13:43:44.000Z",
      "trip_id": "2820171111" 
      
   },
   {
      "heading": 289.188555,
      "lat": 30.398945,
      "lng": -97.748026,
      "speed": 15.638140799999999,
      "timestamp": "2017-04-28T13:43:45.000Z",
      "trip_id": "2820171111" 
      
   },
   {
      "heading": 284.688357,
      "lat": 30.398957,
      "lng": -97.748076,
      "speed": 18.1951596,
      "timestamp": "2017-04-28T13:43:46.000Z",
      "trip_id": "2820171111" 
      
   },
   {
      "heading": 279.775925,
      "lat": 30.398965,
      "lng": -97.748122,
      "speed": 16.0858188,
      "timestamp": "2017-04-28T13:43:47.000Z",
      "trip_id": "2820171111" 
      
   },
   {
      "heading": 274.589458,
      "lat": 30.398969,
      "lng": -97.748177,
      "speed": 19.2776508,
      "timestamp": "2017-04-28T13:43:48.000Z",
      "trip_id": "2820171111" 
      
   },
   {
      "heading": 271.662959,
      "lat": 30.398971,
      "lng": -97.748224,
      "speed": 16.203913200000002,
      "timestamp": "2017-04-28T13:43:49.000Z",
      "trip_id": "2820171111" 
      
   },
   {
      "heading": 271.637897,
      "lat": 30.398973,
      "lng": -97.748276,
      "speed": 18.0975924,
      "timestamp": "2017-04-28T13:43:50.000Z",
      "trip_id": "2820171111" 
      
   },
   {
      "heading": 271.626257,
      "lat": 30.398975,
      "lng": -97.748334,
      "speed": 19.902877200000002,
      "timestamp": "2017-04-28T13:43:51.000Z",
      "trip_id": "2820171111"
      
   },
   {
      "heading": 271.67916,
      "lat": 30.398976,
      "lng": -97.748382,
      "speed": 16.6319028,
      "timestamp": "2017-04-28T13:43:52.000Z",
      "trip_id": "2820171111" 
      
   },
   {
      "heading": 271.691543,
      "lat": 30.398978,
      "lng": -97.748427,
      "speed": 15.811099200000001,
      "timestamp": "2017-04-28T13:43:53.000Z",
      "trip_id": "2820171111" 
      
   },
   {
      "heading": 271.688985,
      "lat": 30.39898,
      "lng": -97.748482,
      "speed": 18.851079600000002,
      "timestamp": "2017-04-28T13:43:54.000Z",
      "trip_id": "2820171111"
      
   },
   {
      "heading": 271.688229,
      "lat": 30.398982,
      "lng": -97.748539,
      "speed": 19.9186884,
      "timestamp": "2017-04-28T13:43:55.000Z",
      "trip_id": "2820171111"
      
   },
   {
      "heading": 271.698035,
      "lat": 30.398984,
      "lng": -97.748587,
      "speed": 16.4305548,
      "timestamp": "2017-04-28T13:43:56.000Z",
      "trip_id": "2820171111"
      
   },
   {
      "heading": 271.69717,
      "lat": 30.398985,
      "lng": -97.748635,
      "speed": 16.5159,
      "timestamp": "2017-04-28T13:43:57.000Z",
      "trip_id": "2820171111" 
      
   },
   {
      "heading": 271.688229,
      "lat": 30.398987,
      "lng": -97.74868,
      "speed": 15.620691600000002,
      "timestamp": "2017-04-28T13:43:58.000Z",
      "trip_id": "2820171111" 
      
   },
   {
      "heading": 271.686065,
      "lat": 30.398988,
      "lng": -97.748728,
      "speed": 16.840778399999998,
      "timestamp": "2017-04-28T13:43:59.000Z",
      "trip_id": "2820171111"
      
   },
   {
      "heading": 271.664804,
      "lat": 30.39899,
      "lng": -97.748786,
      "speed": 19.7626752,
      "timestamp": "2017-04-28T13:44:00.000Z",
      "trip_id": "2820171111"
      
   },
   {
      "heading": 271.664804,
      "lat": 30.398992,
      "lng": -97.748823,
      "speed": 12.9610728,
      "timestamp": "2017-04-28T13:44:01.000Z",
      "trip_id": "2820171111" 
      
   },
   {
      "heading": 271.682026,
      "lat": 30.398994,
      "lng": -97.748876,
      "speed": 18.48294,
      "timestamp": "2017-04-28T13:44:02.000Z",
      "trip_id": "2820171111" 
      
   },
   {
      "heading": 271.688229,
      "lat": 30.398995,
      "lng": -97.748927,
      "speed": 17.5806684,
      "timestamp": "2017-04-28T13:44:03.000Z",
      "trip_id": "2820171111" 
      
   },
   {
      "heading": 271.653685,
      "lat": 30.398997,
      "lng": -97.748976,
      "speed": 16.72407,
      "timestamp": "2017-04-28T13:44:04.000Z",
      "trip_id": "2820171111" 
      
   },
   {
      "heading": 271.6416,
      "lat": 30.398999,
      "lng": -97.74902,
      "speed": 15.432044399999999,
      "timestamp": "2017-04-28T13:44:05.000Z",
      "trip_id": "2820171111" 
      
   },
   {
      "heading": 265.716291,
      "lat": 30.398996,
      "lng": -97.749068,
      "speed": 16.7860224,
      "timestamp": "2017-04-28T13:44:06.000Z",
      "trip_id": "2820171111"
      
   },
   {
      "heading": 261.341925,
      "lat": 30.398989,
      "lng": -97.749122,
      "speed": 18.892281599999997,
      "timestamp": "2017-04-28T13:44:07.000Z",
      "trip_id": "2820171111" 
      
   },
   {
      "heading": 250.409341,
      "lat": 30.398975,
      "lng": -97.749167,
      "speed": 16.613956800000004,
      "timestamp": "2017-04-28T13:44:08.000Z",
      "trip_id": "2820171111"
      
   },
   {
      "heading": 247.115019,
      "lat": 30.398957,
      "lng": -97.749218,
      "speed": 19.0725768,
      "timestamp": "2017-04-28T13:44:09.000Z",
      "trip_id": "2820171111" 
      
   },
   {
      "heading": 247.115019,
      "lat": 30.398942,
      "lng": -97.749261,
      "speed": 16.0701804,
      "timestamp": "2017-04-28T13:44:10.000Z",
      "trip_id": "2820171111" 
      
   },
   {
      "heading": 247.115019,
      "lat": 30.398928,
      "lng": -97.749299,
      "speed": 14.102211599999999,
      "timestamp": "2017-04-28T13:44:11.000Z",
      "trip_id": "2820171111" 
      
   },
   {
      "heading": 269.147317,
      "lat": 30.398927,
      "lng": -97.749354,
      "speed": 19.234583999999998,
      "timestamp": "2017-04-28T13:44:12.000Z",
      "trip_id": "2820171111" 
      
   },
   {
      "heading": 284.287498,
      "lat": 30.398938,
      "lng": -97.749403,
      "speed": 17.8355088,
      "timestamp": "2017-04-28T13:44:13.000Z",
      "trip_id": "2820171111" 
      
   },
   {
      "heading": 290.55226,
      "lat": 30.398953,
      "lng": -97.749447,
      "speed": 16.1904996,
      "timestamp": "2017-04-28T13:44:14.000Z",
      "trip_id": "2820171111"
      
   },
   {
      "heading": 290.55226,
      "lat": 30.398969,
      "lng": -97.749495,
      "speed": 17.8812828,
      "timestamp": "2017-04-28T13:44:15.000Z",
      "trip_id": "2820171111"
      
   },
   {
      "heading": 290.55226,
      "lat": 30.398982,
      "lng": -97.749532,
      "speed": 13.864734,
      "timestamp": "2017-04-28T13:44:16.000Z",
      "trip_id": "2820171111"
      
   },
   {
      "heading": 285.79536,
      "lat": 30.398992,
      "lng": -97.749575,
      "speed": 15.557086799999997,
      "timestamp": "2017-04-28T13:44:17.000Z",
      "trip_id": "2820171111" 
      
   },
   {
      "heading": 223.51929,
      "lat": 30.398958,
      "lng": -97.749629,
      "speed": 24.5014884,
      "timestamp": "2017-04-28T13:44:18.000Z",
      "trip_id": "2820171111"
      
   },
   {
      "heading": 199.240982,
      "lat": 30.398884,
      "lng": -97.749661,
      "speed": 31.8891348,
      "timestamp": "2017-04-28T13:44:19.000Z",
      "trip_id": "2820171111"
      
   },
   {
      "heading": 199.111821,
      "lat": 30.398795,
      "lng": -97.749698,
      "speed": 37.522742400000006,
      "timestamp": "2017-04-28T13:44:20.000Z",
      "trip_id": "2820171111"
      
   },
   {
      "heading": 198.235514,
      "lat": 30.398686,
      "lng": -97.749742,
      "speed": 46.1055096,
      "timestamp": "2017-04-28T13:44:21.000Z",
      "trip_id": "2820171111" 
      
   },
   {
      "heading": 198.199165,
      "lat": 30.39856,
      "lng": -97.749791,
      "speed": 53.2243584,
      "timestamp": "2017-04-28T13:44:22.000Z",
      "trip_id": "2820171111" 
      
   },
   {
      "heading": 198.199165,
      "lat": 30.398417,
      "lng": -97.749847,
      "speed": 60.0047028,
      "timestamp": "2017-04-28T13:44:23.000Z",
      "trip_id": "2820171111" 
      
   },
   {
      "heading": 191.195111,
      "lat": 30.398262,
      "lng": -97.749888,
      "speed": 63.6670728,
      "timestamp": "2017-04-28T13:44:24.000Z",
      "trip_id": "2820171111" 
      
   },
   {
      "heading": 191.199242,
      "lat": 30.398146,
      "lng": -97.749916,
      "speed": 47.467072800000004,
      "timestamp": "2017-04-28T13:44:25.000Z",
      "trip_id": "2820171111" 
      
   },
   {
      "heading": 233.518579,
      "lat": 30.39808,
      "lng": -97.749962,
      "speed": 35.6318676,
      "timestamp": "2017-04-28T13:44:26.000Z",
      "trip_id": "2820171111" 
      
   },
   {
      "heading": 292.669875,
      "lat": 30.398099,
      "lng": -97.750014,
      "speed": 19.4318676,
      "timestamp": "2017-04-28T13:44:27.000Z",
      "trip_id": "2820171111" 
      
   },
   {
      "heading": 292.957437,
      "lat": 30.398119,
      "lng": -97.750066,
      "speed": 19.75599,
      "timestamp": "2017-04-28T13:44:28.000Z",
      "trip_id": "2820171111" 
      
   },
   {
      "heading": 292.957437,
      "lat": 30.398136,
      "lng": -97.750111,
      "speed": 17.1626004,
      "timestamp": "2017-04-28T13:44:29.000Z",
      "trip_id": "2820171111" 
      
   },
   {
      "heading": 292.957437,
      "lat": 30.398153,
      "lng": -97.750157,
      "speed": 17.339378399999998,
      "timestamp": "2017-04-28T13:44:30.000Z",
      "trip_id": "2820171111" 
      
   },
   {
      "heading": 292.957437,
      "lat": 30.398169,
      "lng": -97.750198,
      "speed": 15.4372644,
      "timestamp": "2017-04-28T13:44:31.000Z",
      "trip_id": "2820171111"
      
   },
   {
      "heading": 292.957437,
      "lat": 30.398184,
      "lng": -97.750239,
      "speed": 15.409515599999997,
      "timestamp": "2017-04-28T13:44:32.000Z",
      "trip_id": "2820171111"
      
   },
   {
      "heading": 292.480871,
      "lat": 30.398204,
      "lng": -97.750291,
      "speed": 19.6129836,
      "timestamp": "2017-04-28T13:44:33.000Z",
      "trip_id": "2820171111" 
      
   },
   {
      "heading": 292.399604,
      "lat": 30.398221,
      "lng": -97.750338,
      "speed": 17.524760399999998,
      "timestamp": "2017-04-28T13:44:34.000Z",
      "trip_id": "2820171111" 
      
   },
   {
      "heading": 291.81388,
      "lat": 30.398238,
      "lng": -97.750387,
      "speed": 18.303271199999998,
      "timestamp": "2017-04-28T13:44:35.000Z",
      "trip_id": "2820171111" 
      
   },
   {
      "heading": 291.824691,
      "lat": 30.398255,
      "lng": -97.750434,
      "speed": 17.6212044,
      "timestamp": "2017-04-28T13:44:36.000Z",
      "trip_id": "2820171111" 
      
   },
   {
      "heading": 291.846146,
      "lat": 30.398272,
      "lng": -97.75048,
      "speed": 17.4201696,
      "timestamp": "2017-04-28T13:44:37.000Z",
      "trip_id": "2820171111" 
      
   },
   {
      "heading": 291.815117,
      "lat": 30.398287,
      "lng": -97.750523,
      "speed": 16.0581204,
      "timestamp": "2017-04-28T13:44:38.000Z",
      "trip_id": "2820171111"
      
   },
   {
      "heading": 291.801409,
      "lat": 30.398306,
      "lng": -97.750576,
      "speed": 19.936029599999998,
      "timestamp": "2017-04-28T13:44:39.000Z",
      "trip_id": "2820171111" 
      
   },
   {
      "heading": 291.801409,
      "lat": 30.398324,
      "lng": -97.750625,
      "speed": 18.012517199999998,
      "timestamp": "2017-04-28T13:44:40.000Z",
      "trip_id": "2820171111" 
      
   },
   {
      "heading": 291.804848,
      "lat": 30.398342,
      "lng": -97.750677,
      "speed": 19.463709599999998,
      "timestamp": "2017-04-28T13:44:41.000Z",
      "trip_id": "2820171111" 
      
   },
   {
      "heading": 291.812609,
      "lat": 30.398358,
      "lng": -97.750721,
      "speed": 16.8364512,
      "timestamp": "2017-04-28T13:44:42.000Z",
      "trip_id": "2820171111" 
      
   },
   {
      "heading": 291.808883,
      "lat": 30.398375,
      "lng": -97.750769,
      "speed": 17.8521588,
      "timestamp": "2017-04-28T13:44:43.000Z",
      "trip_id": "2820171111" 
      
   },
   {
      "heading": 291.801409,
      "lat": 30.398394,
      "lng": -97.750822,
      "speed": 19.6046784,
      "timestamp": "2017-04-28T13:44:44.000Z",
      "trip_id": "2820171111" 
      
   },
   {
      "heading": 291.801409,
      "lat": 30.398409,
      "lng": -97.750863,
      "speed": 15.50727,
      "timestamp": "2017-04-28T13:44:45.000Z",
      "trip_id": "2820171111" 
      
   },
   {
      "heading": 291.801409,
      "lat": 30.398428,
      "lng": -97.750916,
      "speed": 19.999148400000003,
      "timestamp": "2017-04-28T13:44:46.000Z",
      "trip_id": "2820171111" 
      
   },
   {
      "heading": 291.801409,
      "lat": 30.398446,
      "lng": -97.750968,
      "speed": 19.335708,
      "timestamp": "2017-04-28T13:44:47.000Z",
      "trip_id": "2820171111"
      
   },
   {
      "heading": 291.801409,
      "lat": 30.398462,
      "lng": -97.75101,
      "speed": 15.8038128,
      "timestamp": "2017-04-28T13:44:48.000Z",
      "trip_id": "2820171111" 
      
   },
   {
      "heading": 285.778173,
      "lat": 30.398474,
      "lng": -97.75106,
      "speed": 17.89524,
      "timestamp": "2017-04-28T13:44:49.000Z",
      "trip_id": "2820171111" 
      
   },
   {
      "heading": 244.057069,
      "lat": 30.398456,
      "lng": -97.751104,
      "speed": 17.6019516,
      "timestamp": "2017-04-28T13:44:50.000Z",
      "trip_id": "2820171111" 
      
   },
   {
      "heading": 208.83392,
      "lat": 30.398414,
      "lng": -97.751131,
      "speed": 19.205600399999998,
      "timestamp": "2017-04-28T13:44:51.000Z",
      "trip_id": "2820171111" 
      
   },
   {
      "heading": 206.893518,
      "lat": 30.398374,
      "lng": -97.751155,
      "speed": 18.0951372,
      "timestamp": "2017-04-28T13:44:52.000Z",
      "trip_id": "2820171111" 
      
   },
   {
      "heading": 229.299455,
      "lat": 30.398343,
      "lng": -97.751196,
      "speed": 19.319756400000003,
      "timestamp": "2017-04-28T13:44:53.000Z",
      "trip_id": "2820171111" 
      
   },
   {
      "heading": 251.312648,
      "lat": 30.398329,
      "lng": -97.751244,
      "speed": 17.443728000000004,
      "timestamp": "2017-04-28T13:44:54.000Z",
      "trip_id": "2820171111" 
      
   },
   {
      "heading": 251.312648,
      "lat": 30.398315,
      "lng": -97.751294,
      "speed": 18.252899999999997,
      "timestamp": "2017-04-28T13:44:55.000Z",
      "trip_id": "2820171111" 
      
   },
   {
      "heading": 251.312648,
      "lat": 30.398306,
      "lng": -97.751327,
      "speed": 11.7919188,
      "timestamp": "2017-04-28T13:44:56.000Z",
      "trip_id": "2820171111" 
      
   },
   {
      "heading": 215.814326,
      "lat": 30.398279,
      "lng": -97.751345,
      "speed": 15.673284,
      "timestamp": "2017-04-28T13:44:57.000Z",
      "trip_id": "2820171111" 
      
   },
   {
      "heading": 80.878665,
      "lat": 30.398284,
      "lng": -97.751293,
      "speed": 18.886482,
      "timestamp": "2017-04-28T13:44:58.000Z",
      "trip_id": "2820171111" 
      
   },
   {
      "heading": 71.34866,
      "lat": 30.398296,
      "lng": -97.751251,
      "speed": 15.358690799999998,
      "timestamp": "2017-04-28T13:44:59.000Z",
      "trip_id": "2820171111" 
      
   },
   {
      "heading": 71.34866,
      "lat": 30.398309,
      "lng": -97.751205,
      "speed": 16.5448476,
      "timestamp": "2017-04-28T13:45:00.000Z",
      "trip_id": "2820171111" 
      
   }
]